{
    "loss": 0.1618632674217224,
    "accuracy": 0.9482758641242981
}